<?xml version="1.0" encoding="UTF-8"?>
<project-private xmlns="http://www.netbeans.org/ns/project-private/1">
    <editor-bookmarks xmlns="http://www.netbeans.org/ns/editor-bookmarks/2" lastBookmarkId="0"/>
    <open-files xmlns="http://www.netbeans.org/ns/projectui-open-files/2">
        <group>
            <file>file:/Users/mahmoudkalmasidi/NetBeansProjects/HospitalPatientManagementSystem/src/hospitalpatientmanagementsystem/InsuranceInfo.java</file>
            <file>file:/Users/mahmoudkalmasidi/NetBeansProjects/HospitalPatientManagementSystem/src/hospitalpatientmanagementsystem/ReportJF.java</file>
            <file>file:/Users/mahmoudkalmasidi/NetBeansProjects/HospitalPatientManagementSystem/src/hospitalpatientmanagementsystem/Patient.java</file>
            <file>file:/Users/mahmoudkalmasidi/NetBeansProjects/HospitalPatientManagementSystem/src/hospitalpatientmanagementsystem/BookAppointment.java</file>
            <file>file:/Users/mahmoudkalmasidi/NetBeansProjects/HospitalPatientManagementSystem/src/hospitalpatientmanagementsystem/ComplaintGUI.java</file>
            <file>file:/Users/mahmoudkalmasidi/NetBeansProjects/HospitalPatientManagementSystem/src/hospitalpatientmanagementsystem/PatientFunctions.java</file>
            <file>file:/Users/mahmoudkalmasidi/NetBeansProjects/HospitalPatientManagementSystem/src/hospitalpatientmanagementsystem/Complaint.java</file>
            <file>file:/Users/mahmoudkalmasidi/NetBeansProjects/HospitalPatientManagementSystem/src/hospitalpatientmanagementsystem/HospitalPatientManagementSystem.java</file>
            <file>file:/Users/mahmoudkalmasidi/NetBeansProjects/HospitalPatientManagementSystem/src/hospitalpatientmanagementsystem/Doctor.java</file>
            <file>file:/Users/mahmoudkalmasidi/NetBeansProjects/HospitalPatientManagementSystem/src/hospitalpatientmanagementsystem/Account.java</file>
            <file>file:/Users/mahmoudkalmasidi/NetBeansProjects/HospitalPatientManagementSystem/src/hospitalpatientmanagementsystem/StuffFunctions.java</file>
            <file>file:/Users/mahmoudkalmasidi/NetBeansProjects/HospitalPatientManagementSystem/src/hospitalpatientmanagementsystem/Report.java</file>
        </group>
    </open-files>
</project-private>
